Country,Region,Constituency,Station
The Gambia,Banjul,Banjul Central,22nd July Square .
The Gambia,Banjul,Banjul Central,Banjul. City Council
The Gambia,Banjul,Banjul Central,Bethel Church
The Gambia,Banjul,Banjul Central,Odeon Cinema
The Gambia,Banjul,Banjul Central,Sam Jack Terrace
The Gambia,Banjul,Banjul Central,Wellesley Macdonald St. Junc.
The Gambia,Banjul,Banjul North,Campama Pri. Sch.
The Gambia,Banjul,Banjul North,Crab Island Jun. Sch.
The Gambia,Banjul,Banjul North,Gambia Sen. Sec. Sch. (Next To Arch 22)
The Gambia,Banjul,Banjul North,Police Barracks
The Gambia,Banjul,Banjul North,St. Joseph Sen. Sec. Sch.
The Gambia,Banjul,Banjul South,Banjul Mini Stadium
The Gambia,Banjul,Banjul South,Lasso Wharf Market
The Gambia,Banjul,Banjul South,Methodist Pri. Sch.( Wesley Annex)
The Gambia,Banjul,Banjul South,Muhammadan Pri. Sch.
The Gambia,Banjul,Banjul South,St. Aug. Jnr. Sec. Sch.
The Gambia,Banjul,Banjul South,Wesley Pri.Sch.
The Gambia,Basse,Basse,Allounghare
The Gambia,Basse,Basse,Baniko Kekoro
The Gambia,Basse,Basse,Basse  Dunya Cinema
The Gambia,Basse,Basse,Basse Community Centre
The Gambia,Basse,Basse,Fass Bajong
The Gambia,Basse,Basse,Giroba Kunda
The Gambia,Basse,Basse,Kabakama
The Gambia,Basse,Basse,Kanube
The Gambia,Basse,Basse,Koba Kunda
The Gambia,Basse,Basse,Kumbija
The Gambia,Basse,Basse,Manneh Kunda
The Gambia,Basse,Basse,Mansajang Kunda
The Gambia,Basse,Basse,Sabi
The Gambia,Basse,Basse,Sare Musa
The Gambia,Basse,Jimara,Bakadaji
The Gambia,Basse,Jimara,Bantankore (Sandi Kunda)
The Gambia,Basse,Jimara,Demba Kunda Bahawa
The Gambia,Basse,Jimara,Demba Kunda Moribugu
The Gambia,Basse,Jimara,Fatako
The Gambia,Basse,Jimara,Gambisara
The Gambia,Basse,Jimara,Hella Kunda
The Gambia,Basse,Jimara,Julangel
The Gambia,Basse,Jimara,Koro Jula Kunda
The Gambia,Basse,Jimara,Kossemar Tenda
The Gambia,Basse,Jimara,Mankamang Kunda
The Gambia,Basse,Jimara,Medina Samba Sowe
The Gambia,Basse,Jimara,Numuyel
The Gambia,Basse,Jimara,Sare Bojo  (Ngamana)
The Gambia,Basse,Jimara,Sare Jawbeh
The Gambia,Basse,Jimara,Sare Njobo
The Gambia,Basse,Jimara,Sare Wollom
The Gambia,Basse,Jimara,Sotuma Sere
The Gambia,Basse,Jimara,Tabajang
The Gambia,Basse,Kantora,Baragi Kunda
The Gambia,Basse,Kantora,Boli Bana
The Gambia,Basse,Kantora,Brikama Kantora
The Gambia,Basse,Kantora,Fantumbu
The Gambia,Basse,Kantora,Fatoto
The Gambia,Basse,Kantora,Gambisara Lamoi
The Gambia,Basse,Kantora,Garawol  A
The Gambia,Basse,Kantora,Garawol  B
The Gambia,Basse,Kantora,Gidda
The Gambia,Basse,Kantora,Kebbeh Kunda
The Gambia,Basse,Kantora,Keneba Kantora
The Gambia,Basse,Kantora,Koina
The Gambia,Basse,Kantora,Missera Ba Mariama
The Gambia,Basse,Kantora,Nyamanari
The Gambia,Basse,Kantora,Sabi Kalilu
The Gambia,Basse,Kantora,Sami Koto
The Gambia,Basse,Kantora,Songkunda
The Gambia,Basse,Kantora,Suduwol
The Gambia,Basse,Sandu,Changali Lang Kaddy
The Gambia,Basse,Sandu,Darsilameh Bulembu
The Gambia,Basse,Sandu,Darsilameh Mandinka
The Gambia,Basse,Sandu,Darsilameh Takutala
The Gambia,Basse,Sandu,Diabugu Batapa
The Gambia,Basse,Sandu,Kuraw Arfang
The Gambia,Basse,Sandu,Kuwonku
The Gambia,Basse,Sandu,Mamadi Ceesay Kunda
The Gambia,Basse,Sandu,Missera
The Gambia,Basse,Sandu,Naude
The Gambia,Basse,Sandu,Niankui
The Gambia,Basse,Sandu,Sare Demba Toro
The Gambia,Basse,Sandu,Sare Gugu Basirou
The Gambia,Basse,Tumana,Badari
The Gambia,Basse,Tumana,Bissandugu
The Gambia,Basse,Tumana,Chamoi
The Gambia,Basse,Tumana,Daibugu Ba- Sillah
The Gambia,Basse,Tumana,Dampha Kunda
The Gambia,Basse,Tumana,Dingiri
The Gambia,Basse,Tumana,Kulari
The Gambia,Basse,Tumana,Kulkuleh
The Gambia,Basse,Tumana,Kundam Ma- Fatty
The Gambia,Basse,Tumana,Medina Samako
The Gambia,Basse,Tumana,Njayel
The Gambia,Basse,Tumana,Perai
The Gambia,Basse,Tumana,Sanunding
The Gambia,Basse,Tumana,Sare Alpha
The Gambia,Basse,Tumana,Tambasansang
The Gambia,Basse,Tumana,Waliba Kunda
The Gambia,Basse,Wulli East,Baja Kunda
The Gambia,Basse,Wulli East,Bantunding
The Gambia,Basse,Wulli East,Boro Kanda Kasseh
The Gambia,Basse,Wulli East,Brifu
The Gambia,Basse,Wulli East,Foday Kunda
The Gambia,Basse,Wulli East,Gunjur Koto
The Gambia,Basse,Wulli East,Macca Masireh
The Gambia,Basse,Wulli East,Mureh Kunda
The Gambia,Basse,Wulli East,Passamas Mandinka
The Gambia,Basse,Wulli East,Sakoley Kunda
The Gambia,Basse,Wulli East,Sare Bohum
The Gambia,Basse,Wulli East,Sutokoba
The Gambia,Basse,Wulli East,Wellingara Yareh
The Gambia,Basse,Wulli West,Banni Israel
The Gambia,Basse,Wulli West,Barrow Kunda
The Gambia,Basse,Wulli West,Chamoi Bunda
The Gambia,Basse,Wulli West,Fadia Kunda
The Gambia,Basse,Wulli West,Gunjur Kuta
The Gambia,Basse,Wulli West,Jah Kunda
The Gambia,Basse,Wulli West,Kerewan Badala
The Gambia,Basse,Wulli West,Kerewan Nyakoi
The Gambia,Basse,Wulli West,Koli Bantang
The Gambia,Basse,Wulli West,Limbambulu Yamadou
The Gambia,Basse,Wulli West,Madina Koto
The Gambia,Basse,Wulli West,Perai Mamadi (Bajonkoto)
The Gambia,Basse,Wulli West,Sare Ngai
The Gambia,Basse,Wulli West,Sutukonding
The Gambia,Basse,Wulli West,Taibatou
The Gambia,Basse,Wulli West,Tuba Wulli
The Gambia,Brikama,Brikama North,Bafuloto Bantaba
The Gambia,Brikama,Brikama North,Bafuloto Nema Su
The Gambia,Brikama,Brikama North,Brikama Darukhairu Mosque
The Gambia,Brikama,Brikama North,Brikama Kabafita Mosque
The Gambia,Brikama,Brikama North,Brikama Misira Mosque
The Gambia,Brikama,Brikama North,Brikama Nema Geebungoto (Comm Dev.)
The Gambia,Brikama,Brikama North,Brikama Nemataba Girl Guides Centre
The Gambia,Brikama,Brikama North,Brikama Nyambai Baba Galleh Mosque
The Gambia,Brikama,Brikama North,Brikama Nyambai College Market
The Gambia,Brikama,Brikama North,Brikama Nyambai Jambarr Sanneh (Methodist Sch Gate)
The Gambia,Brikama,Brikama North,Brikama Wellingara Praying Grounds
The Gambia,Brikama,Brikama North,Busuranding Bantaba
The Gambia,Brikama,Brikama North,Farato Bojang Kunda (Sotokoi Daru) Bantaba
The Gambia,Brikama,Brikama North,Jalambang Mosque
The Gambia,Brikama,Brikama North,Jamisa Bantaba
The Gambia,Brikama,Brikama North,Kassakunda Bantaba
The Gambia,Brikama,Brikama North,Kembujeh Bantaba
The Gambia,Brikama,Brikama North,Kembujeh Medina Sch Ground
The Gambia,Brikama,Brikama North,Kubuneh Skill Centre
The Gambia,Brikama,Brikama North,New Town North (Mother Ali Nur. Sch.)
The Gambia,Brikama,Brikama North,Serekunda Nding Skill Centre
The Gambia,Brikama,Brikama North,Taibatou Bantaba
The Gambia,Brikama,Brikama South,Bakary Sambou Yaa Mosque
The Gambia,Brikama,Brikama South,Brikama  Perseverance Praying Ground
The Gambia,Brikama,Brikama South,Brikama Bojang Kunda Bantaba
The Gambia,Brikama,Brikama South,Brikama Darsilameh (Near Alkalo'S Compound)
The Gambia,Brikama,Brikama South,Brikama Gidda (School Area)
The Gambia,Brikama,Brikama South,Brikama Gidda Bantaba
The Gambia,Brikama,Brikama South,Brikama Hawla Kunda (Kabilo Head Comp. Gate)
The Gambia,Brikama,Brikama South,Brikama Mansaringsu Bantaba
The Gambia,Brikama,Brikama South,Brikama Medina Bantaba
The Gambia,Brikama,Brikama South,Brikama Newtown South Mosque
The Gambia,Brikama,Brikama South,Brikama Perseverance Bantaba
The Gambia,Brikama,Brikama South,Brikama Sanneh Kunda Bantaba
The Gambia,Brikama,Brikama South,Brikama Santuso Nursery Sch.
The Gambia,Brikama,Brikama South,Brikama Suma Kunda Bantaba
The Gambia,Brikama,Brikama South,Busura Clinic
The Gambia,Brikama,Brikama South,Darsilameh Health Centre
The Gambia,Brikama,Brikama South,Jamwelly Bantaba
The Gambia,Brikama,Brikama South,Kabakel Outside Sch
The Gambia,Brikama,Brikama South,Kitty Bantaba
The Gambia,Brikama,Brikama South,Manduar Bantaba
The Gambia,Brikama,Brikama South,Marakissa Bantaba
The Gambia,Brikama,Brikama South,Penyem  Bantaba
The Gambia,Brikama,Busumbala,Banjulunding Comm. Centre.
The Gambia,Brikama,Busumbala,Banjulunding Seed Store
The Gambia,Brikama,Busumbala,Busumbala Bantaba
The Gambia,Brikama,Busumbala,Busumbala Guigi Bantaba
The Gambia,Brikama,Busumbala,Busumbala Model Sukoto Bantaba
The Gambia,Brikama,Busumbala,Busumbala Tintinba Mosque
The Gambia,Brikama,Busumbala,Daranka Village Hall
The Gambia,Brikama,Busumbala,Daru Busumbala Bantaba
The Gambia,Brikama,Busumbala,Kombo Kerewan Bantaba
The Gambia,Brikama,Busumbala,Kubariko Bantaba
The Gambia,Brikama,Busumbala,Kunkujang Jatta Yaa Bantaba
The Gambia,Brikama,Busumbala,Lamin Babylon Football Field
The Gambia,Brikama,Busumbala,Lamin Cambodia
The Gambia,Brikama,Busumbala,Lamin Gamtrade Training Centre (Opposite)
The Gambia,Brikama,Busumbala,Lamin Health Centre
The Gambia,Brikama,Busumbala,Lamin Sda School
The Gambia,Brikama,Busumbala,Lamin St. Peter'S Pri Sch (Behind Petrol Station)
The Gambia,Brikama,Busumbala,Makumbaya Garage
The Gambia,Brikama,Busumbala,Mandinary Dutokoto
The Gambia,Brikama,Busumbala,New Yundum Bantba
The Gambia,Brikama,Busumbala,New Yundum Pri Sch
The Gambia,Brikama,Busumbala,New Yundum Sadinka
The Gambia,Brikama,Busumbala,Yaram Bamba Estate Mosque
The Gambia,Brikama,Foni Bintang,Arangalen Bantaba
The Gambia,Brikama,Foni Bintang,Bajagarr Bantaba
The Gambia,Brikama,Foni Bintang,Batabut Kantora
The Gambia,Brikama,Foni Bintang,Batending Kajera Bantaba
The Gambia,Brikama,Foni Bintang,Bintang Bantaba
The Gambia,Brikama,Foni Bintang,Bullanjorr Bantaba
The Gambia,Brikama,Foni Bintang,Jakoi Sibirick
The Gambia,Brikama,Foni Bintang,Janack Bantaba
The Gambia,Brikama,Foni Bintang,Kansanyi Ecd
The Gambia,Brikama,Foni Bintang,Kusamai Bantaba
The Gambia,Brikama,Foni Bintang,Sibanor Bantaba
The Gambia,Brikama,Foni Bintang,Tampoto
The Gambia,Brikama,Foni Bondali,Bantanjang Bantaba
The Gambia,Brikama,Foni Bondali,Bondali Jola Chief'S Quarter
The Gambia,Brikama,Foni Bondali,Chabai Bantaba
The Gambia,Brikama,Foni Bondali,Kankurang Bantaba
The Gambia,Brikama,Foni Bondali,Mayork Health Centre
The Gambia,Brikama,Foni Brefet,Bajana Bantaba
The Gambia,Brikama,Foni Brefet,Bereft Bantaba
The Gambia,Brikama,Foni Brefet,Bessi Ccf
The Gambia,Brikama,Foni Brefet,Bulock Bantaba
The Gambia,Brikama,Foni Brefet,Ndemban Tenda Bantaba
The Gambia,Brikama,Foni Brefet,Somita Ccf
The Gambia,Brikama,Foni Brefet,Sutusinjang Day Care Centre
The Gambia,Brikama,Foni Jarrol,Arankon Kunda Bantaba
The Gambia,Brikama,Foni Jarrol,Kalagi Bantaba
The Gambia,Brikama,Foni Jarrol,Kanmamudou Ecd
The Gambia,Brikama,Foni Jarrol,Sintet Health Centre
The Gambia,Brikama,Foni Jarrol,Wassadou Bantaba
The Gambia,Brikama,Foni Kansala,Bwiam Ccf
The Gambia,Brikama,Foni Kansala,Darsilameh Bantaba
The Gambia,Brikama,Foni Kansala,Dobong Bantaba
The Gambia,Brikama,Foni Kansala,Jekesi Dandoni Bantaba
The Gambia,Brikama,Foni Kansala,Kampant Anglican Church
The Gambia,Brikama,Foni Kansala,Kanfendi Bantaba
The Gambia,Brikama,Foni Kansala,Kanilai Pri. Sch.
The Gambia,Brikama,Foni Kansala,Sanghajorr Health Centre
The Gambia,Brikama,Kombo East,Basori Bantaba
The Gambia,Brikama,Kombo East,Bonto Kuta Jalokoto Bantaba
The Gambia,Brikama,Kombo East,Faraba Banta Banatba
The Gambia,Brikama,Kombo East,Faraba Sutu Ccf .
The Gambia,Brikama,Kombo East,Giboro Kuta Bantaba
The Gambia,Brikama,Kombo East,Kafuta Bantaba
The Gambia,Brikama,Kombo East,Kairaba (Faraba Manokang) Bantaba
The Gambia,Brikama,Kombo East,Kuloro Bantaba
The Gambia,Brikama,Kombo East,Mandinaba Bantaba
The Gambia,Brikama,Kombo East,Medina Sokotoi Bantaba
The Gambia,Brikama,Kombo East,Omorto Skill Centre
The Gambia,Brikama,Kombo East,Pirang Bantaba
The Gambia,Brikama,Kombo East,Pirang Berending Bantaba
The Gambia,Brikama,Kombo East,Pirang Berending Darusalam
The Gambia,Brikama,Kombo East,Sohm Health Centre
The Gambia,Brikama,Kombo East,Tuba Kuta Bantaba
The Gambia,Brikama,Kombo South,Banyaka Bantaba
The Gambia,Brikama,Kombo South,Batokunku ( Near Nursery Sch.)
The Gambia,Brikama,Kombo South,Batokunku Skill Centre (Near Mosque)
The Gambia,Brikama,Kombo South,Berending Bantaba
The Gambia,Brikama,Kombo South,Farato (Sanchaba) Outside Alkalo'S Compound
The Gambia,Brikama,Kombo South,Farato Mosque
The Gambia,Brikama,Kombo South,Farato Nema Mosque
The Gambia,Brikama,Kombo South,Farato New Town Mosque
The Gambia,Brikama,Kombo South,Gunjur (By The Pri Sch)
The Gambia,Brikama,Kombo South,Gunjur Health Centre
The Gambia,Brikama,Kombo South,Gunjur Kunkujang Bantaba
The Gambia,Brikama,Kombo South,Jambanjelly Market
The Gambia,Brikama,Kombo South,Jambur Bantaba
The Gambia,Brikama,Kombo South,Kartong Health Centre
The Gambia,Brikama,Kombo South,Kunkujang Mariama Bantaba
The Gambia,Brikama,Kombo South,Medina Salam (Centre)
The Gambia,Brikama,Kombo South,Nyofelleh Bantaba
The Gambia,Brikama,Kombo South,Rumba Bantaba
The Gambia,Brikama,Kombo South,Sanyang Bantaba
The Gambia,Brikama,Kombo South,Siffoe Ccf
The Gambia,Brikama,Kombo South,Tanji B
The Gambia,Brikama,Kombo South,Tanji Comm. Centre
The Gambia,Brikama,Kombo South,Tujereng (Around Sen Sec Sch)
The Gambia,Brikama,Kombo South,Tujereng Bantaba
The Gambia,Brikama,Old Yundum,Jabang Mosque
The Gambia,Brikama,Old Yundum,Kunkujang Keita Yaa  Central Mosque
The Gambia,Brikama,Old Yundum,Latriya Health Centre
The Gambia,Brikama,Old Yundum,Mariama Kunda Bantaba
The Gambia,Brikama,Old Yundum,Medina Baliya (Sinchu Baliya ) Mosque.
The Gambia,Brikama,Old Yundum,Medina Sey Kunda (Sinchu Alagi) 2
The Gambia,Brikama,Old Yundum,Medina Sey Kunda (Sinchu Alagi) Bantaba
The Gambia,Brikama,Old Yundum,Nema Nasir
The Gambia,Brikama,Old Yundum,Nemakunku
The Gambia,Brikama,Old Yundum,Old Yundum Bantaba
The Gambia,Brikama,Old Yundum,Sinchu Sorrie Nursery Sch.
The Gambia,Brikama,Old Yundum,Tawuto Bantaba
The Gambia,Brikama,Old Yundum,Wellingara  Red Cross Bantaba
The Gambia,Brikama,Old Yundum,Wellingara (Behind Jah Oil Petrol Station)
The Gambia,Brikama,Old Yundum,Youna Bantaba
The Gambia,Brikama,Sanneh Mentereng,Kerr Serign (Hamdalaye) Central Mosque
The Gambia,Brikama,Sanneh Mentereng,Bijilo Bantaba
The Gambia,Brikama,Sanneh Mentereng,Brufut 2
The Gambia,Brikama,Sanneh Mentereng,Brufut Father'S Sch. (Dutabakoto)
The Gambia,Brikama,Sanneh Mentereng,Brufut Pri. Sch.  (Behind Market)
The Gambia,Brikama,Sanneh Mentereng,Brusubi Estate Phase Two 2
The Gambia,Brikama,Sanneh Mentereng,Brusubi Estate Sample House
The Gambia,Brikama,Sanneh Mentereng,Mediana Mosque
The Gambia,Brikama,Sanneh Mentereng,Salagi (Opp. Nawec Water Plant)
The Gambia,Brikama,Sanneh Mentereng,Sanchaba Sulay Jobe (Outside Alkalo'S Comp.)
The Gambia,Brikama,Sanneh Mentereng,Sanchaba Sulay Jobe (Skill Centre)
The Gambia,Brikama,Sanneh Mentereng,Sukuta Arabic Sch.
The Gambia,Brikama,Sanneh Mentereng,Sukuta Cinema Hall
The Gambia,Brikama,Sanneh Mentereng,Sukuta Jamisa ( By The Metal Workshop)
The Gambia,Brikama,Sanneh Mentereng,Sukuta Nema Bani Israel Mosque
The Gambia,Brikama,Sanneh Mentereng,Sukuta Sec Sch (Library)
The Gambia,Brikama,Sanneh Mentereng,Sukuta Talaba Koto ( By The Central Mosque)
The Gambia,Brikama,Sanneh Mentereng,Sukuta Tumbungto Bantaba
The Gambia,Brikama,Sanneh Mentereng,Tranquil Mosque
The Gambia,Brikama,Sanneh Mentereng,Wuling Kama Opp. Alkalo'S Comp.
The Gambia,Janjanbureh,Janjanbureh,Janjanbureh (Mccarhty)
The Gambia,Janjanbureh,Lower Fulladu West,Boyram Denton
The Gambia,Janjanbureh,Lower Fulladu West,Brikamaba
The Gambia,Janjanbureh,Lower Fulladu West,Brikmanding
The Gambia,Janjanbureh,Lower Fulladu West,Dasilameh
The Gambia,Janjanbureh,Lower Fulladu West,Faraba
The Gambia,Janjanbureh,Lower Fulladu West,Fass Abdou
The Gambia,Janjanbureh,Lower Fulladu West,Fulabantang
The Gambia,Janjanbureh,Lower Fulladu West,Gidda
The Gambia,Janjanbureh,Lower Fulladu West,Jahally
The Gambia,Janjanbureh,Lower Fulladu West,Kerewan Fula (Kerewan Samba Sira)
The Gambia,Janjanbureh,Lower Fulladu West,Kerewan Mandinka
The Gambia,Janjanbureh,Lower Fulladu West,Madina Mfally
The Gambia,Janjanbureh,Lower Fulladu West,Misera Joben
The Gambia,Janjanbureh,Lower Fulladu West,Patcharr
The Gambia,Janjanbureh,Lower Fulladu West,Sankulay Kunda
The Gambia,Janjanbureh,Lower Fulladu West,Sare Malang
The Gambia,Janjanbureh,Lower Fulladu West,Sare Ngai-Tabanding Ngai
The Gambia,Janjanbureh,Lower Fulladu West,Saruja
The Gambia,Janjanbureh,Lower Fulladu West,Taifa Chendou (Taifa Saikou)
The Gambia,Janjanbureh,Lower Saloum,Ballanghar Jalato
The Gambia,Janjanbureh,Lower Saloum,Ballanghar Kerr Layin.
The Gambia,Janjanbureh,Lower Saloum,Ballanghar.Kerr Nderri
The Gambia,Janjanbureh,Lower Saloum,Gengi Wollof
The Gambia,Janjanbureh,Lower Saloum,Jahour Mandinka
The Gambia,Janjanbureh,Lower Saloum,Jimbala Felungo
The Gambia,Janjanbureh,Lower Saloum,Kaur Janneh Kunda
The Gambia,Janjanbureh,Lower Saloum,Kaur Wharf Town
The Gambia,Janjanbureh,Lower Saloum,Simbara Khai
The Gambia,Janjanbureh,Niamina Dankunku,Baro Kunda
The Gambia,Janjanbureh,Niamina Dankunku,Dankunku Mandinka
The Gambia,Janjanbureh,Niamina Dankunku,Jessadi
The Gambia,Janjanbureh,Niamina Dankunku,Touba Wollof (Sambang Wollof)
The Gambia,Janjanbureh,Niamina Dankunku,Welingara Elo (Niani Kunda)
The Gambia,Janjanbureh,Niamina Dankunku,Wellingara Yoro Bah (Kerr Layin)
The Gambia,Janjanbureh,Niamina East,Bantanto
The Gambia,Janjanbureh,Niamina East,Batti Njol
The Gambia,Janjanbureh,Niamina East,Jareng
The Gambia,Janjanbureh,Niamina East,Jockul
The Gambia,Janjanbureh,Niamina East,Kaolong
The Gambia,Janjanbureh,Niamina East,Kudang
The Gambia,Janjanbureh,Niamina East,Maka Mbayen
The Gambia,Janjanbureh,Niamina East,Mamud Fana
The Gambia,Janjanbureh,Niamina East,Mbayen
The Gambia,Janjanbureh,Niamina East,Pakala Kerr Biram
The Gambia,Janjanbureh,Niamina East,Pateh Sarm
The Gambia,Janjanbureh,Niamina East,Sambel Kunda
The Gambia,Janjanbureh,Niamina East,Sinchu Gundo
The Gambia,Janjanbureh,Niamina East,Sotokoi
The Gambia,Janjanbureh,Niamina West,Catamina
The Gambia,Janjanbureh,Niamina West,Choya
The Gambia,Janjanbureh,Niamina West,Dalaba
The Gambia,Janjanbureh,Niamina West,Madina Ma Ancha (Kerr Malima)
The Gambia,Janjanbureh,Niamina West,Nana
The Gambia,Janjanbureh,Niamina West,Pappa
The Gambia,Janjanbureh,Niamina West,Sambang Fula Kunda
The Gambia,Janjanbureh,Niani,Dingirai
The Gambia,Janjanbureh,Niani,Gingory Mustapha
The Gambia,Janjanbureh,Niani,Jakaba
The Gambia,Janjanbureh,Niani,Jockul Ndowen (Nodwen Angalleh)
The Gambia,Janjanbureh,Niani,Kass Wollof
The Gambia,Janjanbureh,Niani,Kataba Alh. Omar
The Gambia,Janjanbureh,Niani,Kayai
The Gambia,Janjanbureh,Niani,Kuntaur Wharf Town
The Gambia,Janjanbureh,Niani,Mbayen Wollof
The Gambia,Janjanbureh,Niani,Nyanga Bantang
The Gambia,Janjanbureh,Niani,Safalu
The Gambia,Janjanbureh,Niani,Sait Maram
The Gambia,Janjanbureh,Niani,Sukuta
The Gambia,Janjanbureh,Niani,Wassu
The Gambia,Janjanbureh,Nianija,Bakadagi
The Gambia,Janjanbureh,Nianija,Buduck
The Gambia,Janjanbureh,Nianija,Chamen
The Gambia,Janjanbureh,Nianija,Kerr Jebel
The Gambia,Janjanbureh,Nianija,Palaeili
The Gambia,Janjanbureh,Sami,Banni
The Gambia,Janjanbureh,Sami,Baya Ba (Baya Edi Bah)
The Gambia,Janjanbureh,Sami,Changai Wollof
The Gambia,Janjanbureh,Sami,Dobo
The Gambia,Janjanbureh,Sami,Jamali Ganyado
The Gambia,Janjanbureh,Sami,Jarumeh Koto
The Gambia,Janjanbureh,Sami,Karantaba
The Gambia,Janjanbureh,Sami,Kibiri
The Gambia,Janjanbureh,Sami,Kunting
The Gambia,Janjanbureh,Sami,Lamin Koto
The Gambia,Janjanbureh,Sami,Ranerou Samba Ngai
The Gambia,Janjanbureh,Sami,Sami Medina
The Gambia,Janjanbureh,Sami,Sami Njalal Samba (Toro)
The Gambia,Janjanbureh,Sami,Sami Pachonki
The Gambia,Janjanbureh,Sami,Tabanani
The Gambia,Janjanbureh,Sami,Tandi  Mandinka
The Gambia,Janjanbureh,Sami,Yorna Musa
The Gambia,Janjanbureh,Upper Fulladu West,Bansang  A
The Gambia,Janjanbureh,Upper Fulladu West,Bansang B
The Gambia,Janjanbureh,Upper Fulladu West,Bantanto
The Gambia,Janjanbureh,Upper Fulladu West,Boraba
The Gambia,Janjanbureh,Upper Fulladu West,Cha Kunda Madina
The Gambia,Janjanbureh,Upper Fulladu West,Chargel
The Gambia,Janjanbureh,Upper Fulladu West,Daru
The Gambia,Janjanbureh,Upper Fulladu West,Dobang Kunda.Kebba
The Gambia,Janjanbureh,Upper Fulladu West,Fass Belal
The Gambia,Janjanbureh,Upper Fulladu West,Fugga
The Gambia,Janjanbureh,Upper Fulladu West,Galleh Manda
The Gambia,Janjanbureh,Upper Fulladu West,Lala Gui (Sare Chewto)
The Gambia,Janjanbureh,Upper Fulladu West,Librass
The Gambia,Janjanbureh,Upper Fulladu West,Medina Tunjang
The Gambia,Janjanbureh,Upper Fulladu West,Ndikiri Kunda
The Gambia,Janjanbureh,Upper Fulladu West,Ngayen (Kerr Njaga)
The Gambia,Janjanbureh,Upper Fulladu West,Pateh Gai (Kerr Pateh Gai)
The Gambia,Janjanbureh,Upper Fulladu West,Sam Pateh (Jahanka)
The Gambia,Janjanbureh,Upper Fulladu West,Santanto Bubu
The Gambia,Janjanbureh,Upper Fulladu West,Sare Pateh Jawo
The Gambia,Janjanbureh,Upper Fulladu West,Sare Silleri
The Gambia,Janjanbureh,Upper Fulladu West,Sare Sofie
The Gambia,Janjanbureh,Upper Fulladu West,Sololo Mandinka
The Gambia,Janjanbureh,Upper Fulladu West,Tandi
The Gambia,Janjanbureh,Upper Fulladu West,Tuba Ousman (Kerr Ousman Boye)
The Gambia,Janjanbureh,Upper Fulladu West,Wellingara Demba Kandeh
The Gambia,Janjanbureh,Upper Fulladu West,Yoro Beri Kunda Mandinka
The Gambia,Janjanbureh,Upper Saloum,Bantanto Ebrima Kah (Kerr Sulay)
The Gambia,Janjanbureh,Upper Saloum,Bantanto Kerr Laye
The Gambia,Janjanbureh,Upper Saloum,Batti Ndarr
The Gambia,Janjanbureh,Upper Saloum,Fass
The Gambia,Janjanbureh,Upper Saloum,Jareng Madi Jama (Jareng Modou Warr)
The Gambia,Janjanbureh,Upper Saloum,Kerr Auldi
The Gambia,Janjanbureh,Upper Saloum,Njau
The Gambia,Janjanbureh,Upper Saloum,Noiro Tukulor
The Gambia,Janjanbureh,Upper Saloum,Panchang
The Gambia,Kanifing,Bakau,Bakau Community Centre
The Gambia,Kanifing,Bakau,Bakau Farokono
The Gambia,Kanifing,Bakau,Bakau Lower Basic Sch
The Gambia,Kanifing,Bakau,Bakau Ubs (Independence Stadium)
The Gambia,Kanifing,Bakau,Cape Point
The Gambia,Kanifing,Bakau,Fajara (Around Sabena Junction)
The Gambia,Kanifing,Bakau,Fajara Hotel
The Gambia,Kanifing,Bakau,Kachikally Cinema
The Gambia,Kanifing,Bakau,Mama Koto Road
The Gambia,Kanifing,Bakau,New Town Lower Basic Sch.
The Gambia,Kanifing,Bakau,Old Bakau Bantaba
The Gambia,Kanifing,Bakau,Wasulunkunda Bantang Koto
The Gambia,Kanifing,Bundungka Kunda,Aren Babun Fatty
The Gambia,Kanifing,Bundungka Kunda,Bundung Bantaba  Street
The Gambia,Kanifing,Bundungka Kunda,Bundung Borehole
The Gambia,Kanifing,Bundungka Kunda,Bundung Farokono (Third Hall)
The Gambia,Kanifing,Bundungka Kunda,Bundung Lower Basic Sch
The Gambia,Kanifing,Bundungka Kunda,Bundung Mosque
The Gambia,Kanifing,Bundungka Kunda,Bundung Six Junction
The Gambia,Kanifing,Bundungka Kunda,Bundung White House
The Gambia,Kanifing,Bundungka Kunda,Mauritania School
The Gambia,Kanifing,Bundungka Kunda,Medina Fass Mosque
The Gambia,Kanifing,Bundungka Kunda,Nusrat Sen. Sec Sch.
The Gambia,Kanifing,Bundungka Kunda,Serekunda East Mini Studium
The Gambia,Kanifing,Jeshwang,Abc Schools
The Gambia,Kanifing,Jeshwang,Ebo Town Badala
The Gambia,Kanifing,Jeshwang,Ebo Town Big Tree
The Gambia,Kanifing,Jeshwang,Ebo Town Mosque
The Gambia,Kanifing,Jeshwang,Ebo Town Sanchaba
The Gambia,Kanifing,Jeshwang,Kanifing Estate Comm. Centre
The Gambia,Kanifing,Jeshwang,Kanifing Layout
The Gambia,Kanifing,Jeshwang,Kanifing South Mosque
The Gambia,Kanifing,Jeshwang,Kussabia Mosque
The Gambia,Kanifing,Jeshwang,Latrikunda Lower Basic Sch.
The Gambia,Kanifing,Jeshwang,New Jeshwang  (Cotton Street)
The Gambia,Kanifing,Jeshwang,New Jeshwang (Kandiba) Lower Basic Sch.
The Gambia,Kanifing,Jeshwang,New Jeshwang Bantaba
The Gambia,Kanifing,Jeshwang,New Jeshwang Mosque
The Gambia,Kanifing,Jeshwang,Nuru Arabic Sch (Sankung Sillah)
The Gambia,Kanifing,Jeshwang,Old Jeshwang (Living Children Academy)
The Gambia,Kanifing,Jeshwang,Old Jeshwang Jalatali (Black School Arabic)
The Gambia,Kanifing,Jeshwang,Old Jeshwang Lower Basic Sch
The Gambia,Kanifing,Jeshwang,Serekunda Post Office
The Gambia,Kanifing,Latrikunda Sabiji,Abuko Health Centre
The Gambia,Kanifing,Latrikunda Sabiji,Abuko Upper Basic Sch.
The Gambia,Kanifing,Latrikunda Sabiji,Abuko Vet Camp
The Gambia,Kanifing,Latrikunda Sabiji,Faji Kunda Bantaba
The Gambia,Kanifing,Latrikunda Sabiji,Faji Kunda Community Centre
The Gambia,Kanifing,Latrikunda Sabiji,Fajikunda Bajonkoto (Abdullah Bun Saud Arabic Sch)
The Gambia,Kanifing,Latrikunda Sabiji,Fajikunda Mosque
The Gambia,Kanifing,Latrikunda Sabiji,Latrikunda Piccadilly
The Gambia,Kanifing,Latrikunda Sabiji,Latrikunda Sabiji Castle Petrol Station
The Gambia,Kanifing,Latrikunda Sabiji,Latrikunda Sabijie Lower Basic Sch.
The Gambia,Kanifing,Latrikunda Sabiji,Latrikunda Sabijie Mosque (For Fajikunda)
The Gambia,Kanifing,Latrikunda Sabiji,Latrikunda Sabijii Behind Market
The Gambia,Kanifing,Latrikunda Sabiji,Rex Nursery Sch.
The Gambia,Kanifing,Latrikunda Sabiji,St. Charles Lwanga Lbs
The Gambia,Kanifing,Serekunda,Christian Mission Church London
The Gambia,Kanifing,Serekunda,Jangjang Road
The Gambia,Kanifing,Serekunda,Marche Ngelew
The Gambia,Kanifing,Serekunda,Plaza Cinema
The Gambia,Kanifing,Serekunda,Serekunda  (Gadafi Mosque)
The Gambia,Kanifing,Serekunda,Serekunda Bartez (Christ Church)
The Gambia,Kanifing,Serekunda,Serekunda Lower Basic Sch.
The Gambia,Kanifing,Serekunda West,Aisa Marie Cinema
The Gambia,Kanifing,Serekunda West,Aren Betty Khan (Divine Prep. Sch.)
The Gambia,Kanifing,Serekunda West,Bakoteh Bantaba
The Gambia,Kanifing,Serekunda West,Bakoteh Borehole
The Gambia,Kanifing,Serekunda West,Bakoteh Layout
The Gambia,Kanifing,Serekunda West,Bakoteh Lower Basic Sch.
The Gambia,Kanifing,Serekunda West,Cider Club
The Gambia,Kanifing,Serekunda West,Dippa Kunda Chupe Town .
The Gambia,Kanifing,Serekunda West,Dippa Kunda Mosque
The Gambia,Kanifing,Serekunda West,Erenjang Nurs. Sch
The Gambia,Kanifing,Serekunda West,Former Senegambia Garage
The Gambia,Kanifing,Serekunda West,Kololi (Johaness )
The Gambia,Kanifing,Serekunda West,Kololi Mosque
The Gambia,Kanifing,Serekunda West,Kotu Community Centre
The Gambia,Kanifing,Serekunda West,Kotu Layout (Football Field)
The Gambia,Kanifing,Serekunda West,Kotu Power Station (Masjid Sara Maco5)
The Gambia,Kanifing,Serekunda West,Kotu Quarry
The Gambia,Kanifing,Serekunda West,Latrikunda Upper Basic Sch .
The Gambia,Kanifing,Serekunda West,Latrikunda Yiringanya  Opp. Mb Sarr
The Gambia,Kanifing,Serekunda West,Latrikunda Yiringanya Mosque
The Gambia,Kanifing,Serekunda West,Manjai Kunda Gidda
The Gambia,Kanifing,Serekunda West,Manjai Kunda Market
The Gambia,Kanifing,Serekunda West,Manjai Sanchaba (Leader'S Lbs)
The Gambia,Kanifing,Serekunda West,Pipeline Mosque
The Gambia,Kanifing,Serekunda West,Serekunda West Mini Stadium
The Gambia,Kanifing,Tallinding Kunjang,Buffer Zone
The Gambia,Kanifing,Tallinding Kunjang,J.T.T. Nur Sch (North)
The Gambia,Kanifing,Tallinding Kunjang,J.T.T. Nur Sch (South)
The Gambia,Kanifing,Tallinding Kunjang,Jilfit Kunda (Kairaba Nur. Sch)
The Gambia,Kanifing,Tallinding Kunjang,Tallinding Bantaba
The Gambia,Kanifing,Tallinding Kunjang,Tallinding Dutokoto
The Gambia,Kanifing,Tallinding Kunjang,Tallinding Islamic Institute
The Gambia,Kanifing,Tallinding Kunjang,Tallinding Lower Basic Sch.
The Gambia,Kanifing,Tallinding Kunjang,Tallinding Medina
The Gambia,Kerewan,Central Baddibu,Daru Rilwan Health Post
The Gambia,Kerewan,Central Baddibu,Kerr Katim Wollof Bantaba
The Gambia,Kerewan,Central Baddibu,Kerr Pateh Kore Seed Store
The Gambia,Kerewan,Central Baddibu,Kinteh Kunda Marong  Kunda Bantaba
The Gambia,Kerewan,Central Baddibu,Mandory  Health Post
The Gambia,Kerewan,Central Baddibu,Minteh Kunda Bantaba
The Gambia,Kerewan,Central Baddibu,Nawlaru Bantaba
The Gambia,Kerewan,Central Baddibu,Njaba Kunda Bantaba
The Gambia,Kerewan,Central Baddibu,Salikenne Market
The Gambia,Kerewan,Central Baddibu,Wellingara Bantaba
The Gambia,Kerewan,Illiassa,Alkali Kunda
The Gambia,Kerewan,Illiassa,Ballingho Health Centre
The Gambia,Kerewan,Illiassa,Chamen Bantaba
The Gambia,Kerewan,Illiassa,Conteh Kunda Niji Bantaba
The Gambia,Kerewan,Illiassa,Conteh Kunda Sukoto Bantaba
The Gambia,Kerewan,Illiassa,Dutu Bulu Bantaba
The Gambia,Kerewan,Illiassa,Farafeni Mauritanie. Pri. Sch
The Gambia,Kerewan,Illiassa,Farafeni Pri Sch
The Gambia,Kerewan,Illiassa,Farafenni Library
The Gambia,Kerewan,Illiassa,Farafenni Sen Sec Sch
The Gambia,Kerewan,Illiassa,Farafenni Wharf Town
The Gambia,Kerewan,Illiassa,Illiassa Bantaba
The Gambia,Kerewan,Illiassa,Jajari Bantaba
The Gambia,Kerewan,Illiassa,Jerico Wollof Bantaba
The Gambia,Kerewan,Illiassa,Jigimar Bantaba
The Gambia,Kerewan,Illiassa,Jumansariba Health Centre
The Gambia,Kerewan,Illiassa,Katchang Bantaba
The Gambia,Kerewan,Illiassa,Kekuta Kunda Bantaba
The Gambia,Kerewan,Illiassa,Kerr Ali Bantaba
The Gambia,Kerewan,Illiassa,Kubandar Bantaba
The Gambia,Kerewan,Illiassa,Maka Farafenni Bantaba
The Gambia,Kerewan,Illiassa,Noo Kunda Bantaba
The Gambia,Kerewan,Illiassa,Nyeribaya Bantaba
The Gambia,Kerewan,Illiassa,Yallal Tankonjala Bantaba
The Gambia,Kerewan,Illiassa,Youna Bantaba
The Gambia,Kerewan,Jokadou,Bali Mandinka School
The Gambia,Kerewan,Jokadou,Darusalam (Kerr Matar Sarr) Bantaba
The Gambia,Kerewan,Jokadou,Dasilameh Bantaba
The Gambia,Kerewan,Jokadou,Gissa (Kerr Amadou Fayel.) Bantaba
The Gambia,Kerewan,Jokadou,Karantaba Health Centre
The Gambia,Kerewan,Jokadou,Kerr Jarga Jobe Health Centre
The Gambia,Kerewan,Jokadou,Kerr Majaw (Chessay) Bantaba
The Gambia,Kerewan,Jokadou,Kerr Omar Saine Bantaba
The Gambia,Kerewan,Jokadou,Kerr Selleh  Health Centre
The Gambia,Kerewan,Jokadou,Kuntaya Bantaba
The Gambia,Kerewan,Jokadou,Madina Modum (Bantndingwollof) Bantaba
The Gambia,Kerewan,Jokadou,Munyagen Health Centre
The Gambia,Kerewan,Jokadou,Passy Ngayen (Kerr Alagie Malick) Bantaba
The Gambia,Kerewan,Jokadou,Tambana Old Visaca Bank
The Gambia,Kerewan,Jokadou,Toro Alasan Bantaba
The Gambia,Kerewan,Lower Baddibu,Banni Bantaba
The Gambia,Kerewan,Lower Baddibu,Gunjur Bantaba
The Gambia,Kerewan,Lower Baddibu,Kerewan Old Market
The Gambia,Kerewan,Lower Baddibu,Kerr Ardo Bantaba
The Gambia,Kerewan,Lower Baddibu,Kinteh Kunda Janneh Yaa Bantaba
The Gambia,Kerewan,Lower Baddibu,Mbamori Kunda Health Centre
The Gambia,Kerewan,Lower Baddibu,Njawara Bantaba
The Gambia,Kerewan,Lower Baddibu,Saaba Bantaba
The Gambia,Kerewan,Lower Baddibu,Suwareh Kunda Bantaba
The Gambia,Kerewan,Lower Baddibu,Toroba Bantaba
The Gambia,Kerewan,Lower Nuimi,Bakindick Mandinka Bantaba
The Gambia,Kerewan,Lower Nuimi,Barra  Bantaba ( Near Alkalo'S Comp)
The Gambia,Kerewan,Lower Nuimi,Berending Skill Centre
The Gambia,Kerewan,Lower Nuimi,Buniadu Health Centre
The Gambia,Kerewan,Lower Nuimi,Chamen Bantaba
The Gambia,Kerewan,Lower Nuimi,Essau  A Old Vet
The Gambia,Kerewan,Lower Nuimi,Essau B Sen Sec Sch
The Gambia,Kerewan,Lower Nuimi,Fass Njaga Choi Video Hall
The Gambia,Kerewan,Lower Nuimi,Hamdalai Mosque
The Gambia,Kerewan,Lower Nuimi,Jagleh (Kerr Wally) Bantaba
The Gambia,Kerewan,Lower Nuimi,Jinack Kajata Banatba
The Gambia,Kerewan,Lower Nuimi,Kanuma Youth Centre
The Gambia,Kerewan,Lower Nuimi,Kerr Jatta Bantaba
The Gambia,Kerewan,Lower Nuimi,Kerr Malick Sarr Bantaba
The Gambia,Kerewan,Lower Nuimi,Madina Kanuma Bantaba
The Gambia,Kerewan,Lower Nuimi,Maka Bala Manneh Bantaba
The Gambia,Kerewan,Lower Nuimi,Mbollet Ba Bantaba
The Gambia,Kerewan,Lower Nuimi,Medina Manneh Bantaba
The Gambia,Kerewan,Lower Nuimi,Medina Sering Mass Bantaba At New Mosque
The Gambia,Kerewan,Lower Nuimi,Misiranding Bantaba
The Gambia,Kerewan,Lower Nuimi,Ndofan First Aid Centre
The Gambia,Kerewan,Lower Nuimi,Ndungu Charen Bantaba
The Gambia,Kerewan,Lower Nuimi,Ndungu Kebbeh Bantaba
The Gambia,Kerewan,Lower Nuimi,Njongon Bantaba
The Gambia,Kerewan,Lower Nuimi,Samba Kalla Health Centre
The Gambia,Kerewan,Lower Nuimi,Samba Njabeh Bantaba
The Gambia,Kerewan,Lower Nuimi,Sami Sotokoi (Sami Essau) Bantaba
The Gambia,Kerewan,Lower Nuimi,Sare Bohoum (Kerr Omar Jawara ) Bantaba
The Gambia,Kerewan,Lower Nuimi,Tuba Angalleh Bantaba
The Gambia,Kerewan,Sabach Sanjal,Bambali Bantaba
The Gambia,Kerewan,Sabach Sanjal,Bassic Bantaba
The Gambia,Kerewan,Sabach Sanjal,Daffa Bantaba
The Gambia,Kerewan,Sabach Sanjal,Dibba Kunda Wollof Bantaba
The Gambia,Kerewan,Sabach Sanjal,Kani Kunda Bantaba
The Gambia,Kerewan,Sabach Sanjal,Kataba Mandinka Health Centre
The Gambia,Kerewan,Sabach Sanjal,Kumbija Arabic Sch
The Gambia,Kerewan,Sabach Sanjal,Kunjata Bantaba
The Gambia,Kerewan,Sabach Sanjal,Kussasai (Kunjo) Bantaba
The Gambia,Kerewan,Sabach Sanjal,Loumen Bantaba
The Gambia,Kerewan,Sabach Sanjal,Mballow Omar (Sinchu Sanjal) Bantaba
The Gambia,Kerewan,Sabach Sanjal,Mbapa Mariga School
The Gambia,Kerewan,Sabach Sanjal,Ngayen Sanjal Bantaba
The Gambia,Kerewan,Sabach Sanjal,Nyangen (Challa) Bantaba
The Gambia,Kerewan,Sabach Sanjal,Palen Wolof Health Cente
The Gambia,Kerewan,Sabach Sanjal,Sabach Sukoto Bantaba
The Gambia,Kerewan,Sabach Sanjal,Sara Kunda Bantaba
The Gambia,Kerewan,Sabach Sanjal,Sinchu Palen Bantaba
The Gambia,Kerewan,Upper Nuimi,Albreda School
The Gambia,Kerewan,Upper Nuimi,Aljamdu Bantaba
The Gambia,Kerewan,Upper Nuimi,Bakalar Medina Bantaba
The Gambia,Kerewan,Upper Nuimi,Biran Kanni Bantaba
The Gambia,Kerewan,Upper Nuimi,Chilla Health Centre
The Gambia,Kerewan,Upper Nuimi,Darusalam Bantaba
The Gambia,Kerewan,Upper Nuimi,Fass Omar Saho  Health Centre
The Gambia,Kerewan,Upper Nuimi,Jurunku Bantaba
The Gambia,Kerewan,Upper Nuimi,Kabakoto Bantaba
The Gambia,Kerewan,Upper Nuimi,Kerr Chebo Jallow (Kayal) Bantaba
The Gambia,Kerewan,Upper Nuimi,Lamin School
The Gambia,Kerewan,Upper Nuimi,Madina Sidiya Bantaba
The Gambia,Kerewan,Upper Nuimi,Medina Bafuloto Market
The Gambia,Kerewan,Upper Nuimi,Pakau Ba (Pakau Njogu) Health Centre
The Gambia,Kerewan,Upper Nuimi,Passy Bantaba
The Gambia,Kerewan,Upper Nuimi,Prince Bantaba
The Gambia,Kerewan,Upper Nuimi,Sami Koto Seed Store
The Gambia,Kerewan,Upper Nuimi,Sika Health Centre
The Gambia,Kerewan,Upper Nuimi,Sitanunku Bantaba
The Gambia,Mansakonko,Jarra Central,Buiba
The Gambia,Mansakonko,Jarra Central,Diganteh
The Gambia,Mansakonko,Jarra Central,Foroyaa Fula
The Gambia,Mansakonko,Jarra Central,Jalambereh
The Gambia,Mansakonko,Jarra Central,Japinneh  Tembeto
The Gambia,Mansakonko,Jarra Central,Japinneh Marikoto
The Gambia,Mansakonko,Jarra Central,Naneko
The Gambia,Mansakonko,Jarra Central,Wellingara. (Sita Huma)
The Gambia,Mansakonko,Jarra East,Barrow Kunda
The Gambia,Mansakonko,Jarra East,Barrow Kunda Suwareh Kunda
The Gambia,Mansakonko,Jarra East,Bureng
The Gambia,Mansakonko,Jarra East,Darsilameh
The Gambia,Mansakonko,Jarra East,Dingirai
The Gambia,Mansakonko,Jarra East,Dongoroba
The Gambia,Mansakonko,Jarra East,Jasong
The Gambia,Mansakonko,Jarra East,Madina
The Gambia,Mansakonko,Jarra East,Nyawurulung
The Gambia,Mansakonko,Jarra East,Pakaliba
The Gambia,Mansakonko,Jarra East,Sukuta
The Gambia,Mansakonko,Jarra East,Sutukung
The Gambia,Mansakonko,Jarra East,Wellingara Ba
The Gambia,Mansakonko,Jarra West,Diganteh
The Gambia,Mansakonko,Jarra West,Fonkoi Kunda
The Gambia,Mansakonko,Jarra West,Jabisa
The Gambia,Mansakonko,Jarra West,Jenoi
The Gambia,Mansakonko,Jarra West,Kanikunda
The Gambia,Mansakonko,Jarra West,Karantaba
The Gambia,Mansakonko,Jarra West,Missera
The Gambia,Mansakonko,Jarra West,Pakalinding
The Gambia,Mansakonko,Jarra West,Sankwia
The Gambia,Mansakonko,Jarra West,Sare Saidy
The Gambia,Mansakonko,Jarra West,Seno Bajonki
The Gambia,Mansakonko,Jarra West,Si-Kunda
The Gambia,Mansakonko,Jarra West,Soma  Angalfuta
The Gambia,Mansakonko,Jarra West,Soma Misera
The Gambia,Mansakonko,Jarra West,Soma New Town
The Gambia,Mansakonko,Jarra West,Soma Sateba
The Gambia,Mansakonko,Jarra West,Toniataba
The Gambia,Mansakonko,Kiang Central,Jiroff
The Gambia,Mansakonko,Kiang Central,Kwinella. Nya Kunda
The Gambia,Mansakonko,Kiang Central,Kwinella. Sansang Kono
The Gambia,Mansakonko,Kiang Central,Madina Angalleh
The Gambia,Mansakonko,Kiang Central,Nema
The Gambia,Mansakonko,Kiang Central,Nema Kuta
The Gambia,Mansakonko,Kiang Central,Sare Sarjo
The Gambia,Mansakonko,Kiang Central,Sibito
The Gambia,Mansakonko,Kiang Central,Wurokang
The Gambia,Mansakonko,Kiang East,Geniere
The Gambia,Mansakonko,Kiang East,Jomarr
The Gambia,Mansakonko,Kiang East,Kaiaf
The Gambia,Mansakonko,Kiang East,Kolior
The Gambia,Mansakonko,Kiang East,Madina Sinchu
The Gambia,Mansakonko,Kiang East,Massembeh
The Gambia,Mansakonko,Kiang East,Njolofen
The Gambia,Mansakonko,Kiang East,Toranka Bantang
The Gambia,Mansakonko,Kiang West,Batelling
The Gambia,Mansakonko,Kiang West,Burong
The Gambia,Mansakonko,Kiang West,Dumbutu
The Gambia,Mansakonko,Kiang West,Jali
The Gambia,Mansakonko,Kiang West,Janneh Kunda
The Gambia,Mansakonko,Kiang West,Jattaba
The Gambia,Mansakonko,Kiang West,Jiffarong
The Gambia,Mansakonko,Kiang West,Jissay
The Gambia,Mansakonko,Kiang West,Joli
The Gambia,Mansakonko,Kiang West,Kantong Kunda
The Gambia,Mansakonko,Kiang West,Karantaba
The Gambia,Mansakonko,Kiang West,Kemoto
The Gambia,Mansakonko,Kiang West,Keneba
The Gambia,Mansakonko,Kiang West,Kuli Kunda
The Gambia,Mansakonko,Kiang West,Manduar
The Gambia,Mansakonko,Kiang West,Nioro Jattaba
The Gambia,Mansakonko,Kiang West,Sankandi
The Gambia,Mansakonko,Kiang West,Tankular
